timestamp,symbol,price,change_pct,buy_pct,sell_pct
2026-07-17T14:38:03.507201+00:00,STI,6.21,-0.8,60,40
2026-07-17T15:08:06.196959+00:00,STI,6.07,-3.04,32,68
2026-07-17T15:08:06.196959+00:00,AAPL,333.26,0.0,58,42
2026-07-17T15:08:06.196959+00:00,MSFT,392.2,-2.22,31,69
2026-07-17T15:08:06.196959+00:00,TSLA,379.98,-2.83,39,61
2026-07-17T15:08:06.196959+00:00,NVDA,202.92,-2.16,48,52
2026-07-17T15:08:06.196959+00:00,SPY,744.52,-0.83,50,50
2026-07-17T15:40:04.910461+00:00,TRV,365.19,8.1,90,10,365.19,352.0,384.98,404.76,1.5
2026-07-17T15:40:04.910461+00:00,CASY,862.16,4.25,82,18,862.16,840.83,894.16,926.16,1.5
2026-07-17T15:40:04.910461+00:00,AIG,80.62,3.32,75,25,80.62,79.34,82.53,84.44,1.49
2026-07-17T15:40:04.910461+00:00,CNC,64.96,1.67,74,26,64.96,64.16,66.17,67.38,1.51
2026-07-17T15:40:04.910461+00:00,SNDK,1449.76,2.74,74,26,1449.76,1379.78,1554.74,1659.71,1.5
2026-07-17T15:40:04.910461+00:00,CINF,181.73,3.09,73,27,181.73,178.88,186.01,190.29,1.5
2026-07-17T15:40:04.910461+00:00,CAT,883.98,0.78,72,28,883.98,861.06,918.37,952.75,1.5
2026-07-17T15:40:04.910461+00:00,HUBB,487.39,1.11,72,28,487.39,477.23,502.63,517.87,1.5
2026-07-17T15:40:04.910461+00:00,VST,154.73,1.42,72,28,154.73,151.22,160.0,165.26,1.5
2026-07-17T15:40:04.910461+00:00,LITE,721.35,2.14,71,29,721.35,680.77,782.23,843.1,1.5
2026-07-17T15:40:04.910461+00:00,STX,758.46,1.74,71,29,758.46,726.15,806.92,855.38,1.5
2026-07-17T15:40:04.910461+00:00,CB,353.08,2.73,70,30,353.08,349.5,358.45,363.82,1.5
2026-07-17T15:40:04.910461+00:00,GE,354.48,2.53,70,30,354.48,347.46,365.01,375.54,1.5
2026-07-17T15:40:04.910461+00:00,ALL,248.93,2.92,69,31,248.93,245.64,253.87,258.8,1.5
2026-07-17T15:40:04.910461+00:00,ETN,399.72,0.87,69,31,399.72,389.96,414.37,429.01,1.5
2026-07-17T15:40:04.910461+00:00,HWM,275.82,1.71,69,31,275.82,269.8,284.85,293.87,1.5
2026-07-17T15:40:04.910461+00:00,CSCO,111.87,2.02,68,32,111.87,110.03,114.62,117.38,1.49
2026-07-17T15:40:04.910461+00:00,DD,135.37,0.8,68,32,135.37,133.66,137.93,140.49,1.5
2026-07-17T15:40:04.910461+00:00,FCX,58.63,0.12,68,32,58.63,57.23,60.73,62.83,1.5
2026-07-17T15:40:04.910461+00:00,ORCL,125.73,1.22,68,32,125.73,123.26,129.44,133.14,1.5
2026-07-17T15:40:04.910461+00:00,Q,136.57,0.81,68,32,136.57,132.39,142.84,149.12,1.5
2026-07-17T15:40:04.910461+00:00,ADM,85.34,2.82,67,33,85.34,84.19,87.06,88.79,1.5
2026-07-17T15:40:04.910461+00:00,CI,288.75,1.74,67,33,288.75,286.57,292.02,295.29,1.5
2026-07-17T15:40:04.910461+00:00,CEG,252.47,0.28,67,33,252.47,248.36,258.63,264.8,1.5
2026-07-17T15:40:04.910461+00:00,HIG,140.7,2.96,67,33,140.7,138.47,144.04,147.38,1.5
2026-07-17T15:40:04.910461+00:00,JCI,141.5,0.17,67,33,141.5,139.09,145.12,148.74,1.5
2026-07-17T15:40:04.910461+00:00,PWR,630.41,-0.1,67,33,630.41,618.89,647.69,664.97,1.5
2026-07-17T15:40:04.910461+00:00,WDC,466.19,-0.13,67,33,466.19,447.24,494.61,523.03,1.5
2026-07-17T15:40:04.910461+00:00,EQIX,1018.58,0.94,66,34,1018.58,1003.54,1041.15,1063.71,1.5
2026-07-17T15:40:04.910461+00:00,HPQ,24.52,1.57,66,34,24.52,24.16,25.06,25.61,1.5
2026-07-17T15:40:04.910461+00:00,JPM,344.67,0.44,66,34,344.67,339.13,352.98,361.28,1.5
2026-07-17T15:40:04.910461+00:00,NSC,341.66,1.06,66,34,341.66,339.26,345.27,348.87,1.5
2026-07-17T15:40:04.910461+00:00,VRT,290.21,-1.33,66,34,290.21,281.56,303.18,316.14,1.5
2026-07-17T15:40:04.910461+00:00,BMY,61.84,2.2,65,35,61.84,61.04,63.05,64.25,1.51
2026-07-17T15:40:04.910461+00:00,CAH,232.12,1.49,65,35,232.12,229.81,235.59,239.05,1.5
2026-07-17T15:40:04.910461+00:00,CMI,647.19,-0.1,65,35,647.19,633.05,668.4,689.61,1.5
2026-07-17T15:40:04.910461+00:00,CVS,108.38,1.77,65,35,108.38,107.2,110.15,111.92,1.5
2026-07-17T15:40:04.910461+00:00,ECHO,92.15,0.67,65,35,92.15,90.31,94.91,97.67,1.5
2026-07-17T15:40:04.910461+00:00,FFIV,407.26,0.95,65,35,407.26,397.7,421.6,435.93,1.5
2026-07-17T15:40:04.910461+00:00,HST,23.74,0.3,65,35,23.74,23.55,24.02,24.31,1.47
2026-07-17T15:40:04.910461+00:00,LLY,1180.6,0.98,65,35,1180.6,1162.13,1208.3,1236.01,1.5
2026-07-17T15:40:04.910461+00:00,PANW,361.7,2.18,65,35,361.7,349.82,379.52,397.34,1.5
2026-07-17T15:40:04.910461+00:00,PH,965.62,0.76,65,35,965.62,946.68,994.03,1022.43,1.5
2026-07-17T15:40:04.910461+00:00,TT,472.17,-0.6,65,35,472.17,465.36,482.38,492.6,1.5
2026-07-17T15:40:04.910461+00:00,AME,236.88,-0.18,64,36,236.88,232.83,242.96,249.03,1.5
2026-07-17T15:40:04.910461+00:00,BF-B,26.31,1.35,64,36,26.31,26.09,26.64,26.97,1.5
2026-07-17T15:40:04.910461+00:00,EG,382.17,2.4,64,36,382.17,376.96,389.99,397.81,1.5
2026-07-17T15:40:04.910461+00:00,GEV,1042.88,0.64,64,36,1042.88,1004.99,1099.72,1156.55,1.5
2026-07-17T15:40:04.910461+00:00,MS,216.4,-0.9,64,36,216.4,211.49,223.76,231.12,1.5
2026-07-17T15:40:04.910461+00:00,AMD,491.86,-1.81,63,37,491.86,475.27,516.75,541.63,1.5
2026-07-17T15:40:04.910461+00:00,APH,152.13,-0.66,63,37,152.13,148.69,157.29,162.45,1.5
2026-07-17T15:40:04.910461+00:00,CARR,69.26,-0.12,63,37,69.26,68.2,70.85,72.43,1.5
2026-07-17T15:40:04.910461+00:00,COHR,276.17,-0.29,63,37,276.17,263.74,294.81,313.46,1.5
2026-07-17T15:40:04.910461+00:00,DLR,174.77,0.67,63,37,174.77,172.43,178.29,181.81,1.5
2026-07-17T15:40:04.910461+00:00,HUM,394.97,2.2,63,37,394.97,388.03,405.38,415.78,1.5
2026-07-17T15:40:04.910461+00:00,KEYS,311.82,-0.3,63,37,311.82,305.27,321.64,331.46,1.5
2026-07-17T15:40:04.910461+00:00,NUE,236.33,0.28,63,37,236.33,233.1,241.18,246.04,1.5
2026-07-17T15:40:04.910461+00:00,AES,14.81,0.07,62,38,14.81,14.8,14.83,14.85,2.0
2026-07-17T15:40:04.910461+00:00,AAPL,333.79,0.16,62,38,333.79,330.8,338.28,342.77,1.5
2026-07-17T15:40:04.910461+00:00,BG,118.71,2.49,62,38,118.71,117.46,120.58,122.46,1.5
2026-07-17T15:40:04.910461+00:00,HPE,45.49,0.8,62,38,45.49,44.29,47.29,49.09,1.5
2026-07-17T15:40:04.910461+00:00,MET,94.4,0.75,62,38,94.4,93.53,95.7,97.01,1.49
2026-07-17T15:40:04.910461+00:00,NTAP,160.87,0.74,62,38,160.87,158.28,164.75,168.64,1.5
2026-07-17T15:40:04.910461+00:00,NEM,90.56,-0.3,62,38,90.56,89.46,92.21,93.86,1.5
2026-07-17T15:40:04.910461+00:00,PCAR,127.43,0.6,62,38,127.43,125.73,129.98,132.54,1.5
2026-07-17T15:40:04.910461+00:00,VTR,96.63,1.67,62,38,96.63,95.81,97.86,99.09,1.5
2026-07-17T15:40:04.910461+00:00,AKAM,119.84,0.87,61,39,119.84,117.1,123.95,128.05,1.5
2026-07-17T15:40:04.910461+00:00,ALB,119.06,-0.33,61,39,119.06,117.38,121.57,124.09,1.49
2026-07-17T15:40:04.910461+00:00,DELL,391.39,0.0,61,39,391.39,376.22,414.15,436.91,1.5
2026-07-17T15:40:04.910461+00:00,EMR,140.85,1.27,61,39,140.85,138.43,144.49,148.12,1.5
2026-07-17T15:40:04.910461+00:00,F,14.31,0.85,61,39,14.31,13.98,14.8,15.29,1.48
2026-07-17T15:40:04.910461+00:00,MU,858.89,0.67,61,39,858.89,820.6,916.33,973.78,1.5
2026-07-17T15:40:04.910461+00:00,PFG,113.83,0.63,61,39,113.83,112.63,115.63,117.43,1.5
2026-07-17T15:40:04.910461+00:00,TDY,630.3,-0.09,61,39,630.3,617.3,649.8,669.3,1.5
2026-07-17T15:40:04.910461+00:00,UNP,301.73,0.77,61,39,301.73,299.21,305.52,309.3,1.5
2026-07-17T15:40:04.910461+00:00,EA,209.08,0.6,60,40,209.08,208.89,209.36,209.64,1.47
2026-07-17T15:40:04.910461+00:00,PODD,164.03,-0.24,60,40,164.03,160.76,168.93,173.83,1.5
2026-07-17T15:40:04.910461+00:00,IRM,122.36,0.58,60,40,122.36,120.09,125.76,129.17,1.5
2026-07-17T15:40:04.910461+00:00,MRK,130.29,2.08,60,40,130.29,128.51,132.96,135.63,1.5
2026-07-17T15:40:04.910461+00:00,MSI,417.95,0.91,60,40,417.95,413.62,424.44,430.94,1.5
2026-07-17T15:40:04.910461+00:00,RTX,196.63,1.17,60,40,196.63,193.89,200.73,204.83,1.5
2026-07-17T15:40:04.910461+00:00,SWKS,57.73,0.17,60,40,57.73,56.8,59.12,60.52,1.49
2026-07-17T15:40:04.910461+00:00,SYF,73.44,-1.13,60,40,73.44,72.58,74.73,76.03,1.5
2026-07-17T15:40:04.910461+00:00,TPR,143.32,-0.6,60,40,143.32,141.72,145.71,148.1,1.49
2026-07-17T15:40:04.910461+00:00,GOOGL,347.58,-1.94,59,41,347.58,344.01,352.93,358.29,1.5
2026-07-17T15:40:04.910461+00:00,AMZN,248.7,-0.48,59,41,248.7,245.38,253.69,258.68,1.5
2026-07-17T15:40:04.910461+00:00,ANET,165.57,-1.77,59,41,165.57,160.66,172.93,180.28,1.5
2026-07-17T15:40:04.910461+00:00,C,130.45,-0.96,59,41,130.45,128.37,133.57,136.7,1.5
2026-07-17T15:40:04.910461+00:00,DVA,236.71,1.15,59,41,236.71,234.12,240.59,244.47,1.5
2026-07-17T15:40:04.910461+00:00,FDX,317.3,-0.28,59,41,317.3,314.53,321.45,325.6,1.5
2026-07-17T15:40:04.910461+00:00,GRMN,251.61,0.25,59,41,251.61,248.3,256.58,261.54,1.5
2026-07-17T15:40:04.910461+00:00,HON,228.11,0.79,59,41,228.11,224.51,233.51,238.91,1.5
2026-07-17T15:40:04.910461+00:00,PRU,119.4,0.97,59,41,119.4,117.81,121.79,124.18,1.5
2026-07-17T15:40:04.910461+00:00,WRB,71.76,2.66,59,41,71.76,71.06,72.81,73.86,1.5
2026-07-17T15:40:04.910461+00:00,BAC,61.64,0.24,58,42,61.64,60.91,62.73,63.82,1.49
2026-07-17T15:40:04.910461+00:00,AVGO,370.49,-1.06,58,42,370.49,362.27,382.82,395.15,1.5
2026-07-17T15:40:04.910461+00:00,CHRW,206.05,0.15,58,42,206.05,204.49,208.4,210.75,1.51
2026-07-17T15:40:04.910461+00:00,FLEX,117.73,-2.8,58,42,117.73,114.25,122.95,128.17,1.5
2026-07-17T15:40:04.910461+00:00,NOC,531.47,2.47,58,42,531.47,523.78,543.0,554.54,1.5
2026-07-17T15:40:04.910461+00:00,PYPL,56.35,-0.67,58,42,56.35,55.92,57.0,57.66,1.51
2026-07-17T15:40:04.910461+00:00,TEL,201.25,-0.65,58,42,201.25,198.32,205.65,210.05,1.5
2026-07-17T15:40:04.910461+00:00,TER,315.71,-2.04,58,42,315.71,304.62,332.34,348.98,1.5
2026-07-17T15:40:04.910461+00:00,TXT,91.97,1.47,58,42,91.97,90.59,94.05,96.12,1.51
2026-07-17T15:40:04.910461+00:00,WAB,263.82,-0.03,58,42,263.82,259.28,270.62,277.42,1.5
2026-07-17T15:40:04.910461+00:00,YUM,153.57,0.97,58,42,153.57,149.59,159.54,165.51,1.5
2026-07-17T15:40:04.910461+00:00,ABBV,258.49,1.61,57,43,258.49,255.77,262.57,266.65,1.5
2026-07-17T15:40:04.910461+00:00,GOOG,346.97,-1.93,57,43,346.97,343.45,352.25,357.54,1.5
2026-07-17T15:40:04.910461+00:00,ACGL,102.23,2.19,57,43,102.23,101.06,103.99,105.75,1.5
2026-07-17T15:40:04.910461+00:00,CF,121.26,2.19,57,43,121.26,119.52,123.87,126.48,1.5
2026-07-17T15:40:04.910461+00:00,FIX,1634.79,-2.73,57,43,1634.79,1590.27,1701.56,1768.34,1.5
2026-07-17T15:40:04.910461+00:00,CRWD,205.59,0.9,57,43,205.59,200.6,213.07,220.56,1.5
2026-07-17T15:40:04.910461+00:00,JNJ,254.18,1.68,57,43,254.18,252.5,256.69,259.2,1.49
2026-07-17T15:40:04.910461+00:00,NVDA,204.39,-1.45,57,43,204.39,200.27,210.56,216.73,1.5
2026-07-17T15:40:04.910461+00:00,ON,87.23,-1.01,57,43,87.23,84.61,91.16,95.09,1.5
2026-07-17T15:40:04.910461+00:00,AFL,125.01,1.62,56,44,125.01,124.02,126.49,127.97,1.49
2026-07-17T15:40:04.910461+00:00,AIZ,279.01,1.3,56,44,279.01,276.1,283.37,287.73,1.5
2026-07-17T15:40:04.910461+00:00,BA,214.81,0.22,56,44,214.81,211.83,219.28,223.75,1.5
2026-07-17T15:40:04.910461+00:00,CMG,34.96,2.22,56,44,34.96,34.48,35.68,36.39,1.5
2026-07-17T15:40:04.910461+00:00,GS,1076.48,-1.73,56,44,1076.48,1057.83,1104.46,1132.44,1.5
2026-07-17T15:40:04.910461+00:00,HONA,211.82,1.66,56,44,211.82,205.41,221.44,231.05,1.5
2026-07-17T15:40:04.910461+00:00,LRCX,312.96,-2.49,56,44,312.96,304.51,325.63,338.3,1.5
2026-07-17T15:40:04.910461+00:00,WFC,88.49,0.48,56,44,88.49,86.84,90.96,93.43,1.5
2026-07-17T15:40:04.910461+00:00,MO,74.46,1.96,55,45,74.46,73.67,75.64,76.83,1.49
2026-07-17T15:40:04.910461+00:00,AMAT,537.64,-4.15,55,45,537.64,524.75,556.97,576.29,1.5
2026-07-17T15:40:04.910461+00:00,CCL,26.41,-1.68,55,45,26.41,26.04,26.97,27.53,1.51
2026-07-17T15:40:04.910461+00:00,CVNA,69.64,-1.44,55,45,69.64,68.6,71.2,72.76,1.5
2026-07-17T15:40:04.910461+00:00,GNRC,213.64,-0.81,55,45,213.64,208.29,221.66,229.69,1.5
2026-07-17T15:40:04.910461+00:00,JBL,300.01,-2.3,55,45,300.01,293.95,309.1,318.19,1.5
2026-07-17T15:40:04.910461+00:00,NCLH,19.5,-0.56,55,45,19.5,19.17,20.0,20.5,1.52
2026-07-17T15:40:04.910461+00:00,ZBRA,264.22,-0.31,55,45,264.22,259.78,270.89,277.55,1.5
2026-07-17T15:40:04.910461+00:00,ADI,374.45,-1.6,54,46,374.45,369.07,382.51,390.57,1.5
2026-07-17T15:40:04.910461+00:00,CIEN,379.09,-2.5,54,46,379.09,366.27,398.32,417.55,1.5
2026-07-17T15:40:04.910461+00:00,EME,733.95,-2.15,54,46,733.95,723.13,750.17,766.39,1.5
2026-07-17T15:40:04.910461+00:00,IFF,78.87,1.64,54,46,78.87,77.66,80.69,82.5,1.5
2026-07-17T15:40:04.910461+00:00,LYV,179.89,0.02,54,46,179.89,178.17,182.47,185.05,1.5
2026-07-17T15:40:04.910461+00:00,L,115.64,1.54,54,46,115.64,114.36,117.56,119.48,1.5
2026-07-17T15:40:04.910461+00:00,TTWO,236.98,-1.08,54,46,236.98,233.67,241.94,246.91,1.5
2026-07-17T15:40:04.910461+00:00,UNH,430.99,1.8,54,46,430.99,424.81,440.27,449.55,1.5
2026-07-17T15:40:04.910461+00:00,FITB,57.98,-2.34,53,47,57.98,56.02,60.93,63.88,1.51
2026-07-17T15:40:04.910461+00:00,FTNT,161.6,0.51,53,47,161.6,159.17,165.25,168.9,1.5
2026-07-17T15:40:04.910461+00:00,IBKR,90.38,-1.98,53,47,90.38,88.67,92.94,95.51,1.5
2026-07-17T15:40:04.910461+00:00,MPWR,1287.79,-1.37,53,47,1287.79,1246.54,1349.66,1411.54,1.5
2026-07-17T15:40:04.910461+00:00,PNC,254.01,-0.47,53,47,254.01,250.78,258.85,263.69,1.5
2026-07-17T15:40:04.910461+00:00,TXN,284.52,-2.3,53,47,284.52,280.93,289.91,295.3,1.5
2026-07-17T15:40:04.910461+00:00,WELL,244.48,1.24,53,47,244.48,242.58,247.33,250.19,1.5
2026-07-17T15:40:04.910461+00:00,AXP,356.37,-1.44,52,48,356.37,352.88,361.61,366.84,1.5
2026-07-17T15:40:04.910461+00:00,ATO,178.84,0.45,52,48,178.84,176.12,182.91,186.99,1.5
2026-07-17T15:40:04.910461+00:00,HAL,35.09,0.14,52,48,35.09,34.8,35.53,35.96,1.52
2026-07-17T15:40:04.910461+00:00,MCHP,80.21,-1.8,52,48,80.21,78.6,82.62,85.03,1.5
2026-07-17T15:40:04.910461+00:00,NXPI,265.21,-2.01,52,48,265.21,260.4,272.42,279.63,1.5
2026-07-17T15:40:04.910461+00:00,PM,192.64,1.47,52,48,192.64,190.84,195.34,198.04,1.5
2026-07-17T15:40:04.910461+00:00,ROST,234.19,0.63,52,48,234.19,231.27,238.57,242.96,1.5
2026-07-17T15:40:04.910461+00:00,STLD,233.59,-0.59,52,48,233.59,230.24,238.62,243.64,1.5
2026-07-17T15:40:04.910461+00:00,VLO,304.56,1.43,52,48,304.56,302.25,308.03,311.5,1.5
2026-07-17T15:40:04.910461+00:00,WST,363.43,0.27,52,48,363.43,360.56,367.74,372.04,1.5
2026-07-17T15:40:04.910461+00:00,APTV,58.57,-1.16,51,49,58.57,57.66,59.94,61.31,1.51
2026-07-17T15:40:04.910461+00:00,COR,311.15,1.03,51,49,311.15,308.68,314.85,318.56,1.5
2026-07-17T15:40:04.910461+00:00,SCHW,101.97,-0.81,51,49,101.97,100.97,103.47,104.96,1.5
2026-07-17T15:40:04.910461+00:00,DRI,201.36,0.07,51,49,201.36,199.66,203.92,206.48,1.51
2026-07-17T15:40:04.910461+00:00,EL,82.41,-0.52,51,49,82.41,81.09,84.4,86.38,1.51
2026-07-17T15:40:04.910461+00:00,HLT,321.87,-0.41,51,49,321.87,319.73,325.09,328.31,1.5
2026-07-17T15:40:04.910461+00:00,PSX,204.89,1.77,51,49,204.89,203.27,207.32,209.75,1.5
2026-07-17T15:40:04.910461+00:00,TDG,1235.84,0.38,51,49,1235.84,1217.85,1262.83,1289.82,1.5
2026-07-17T15:40:04.910461+00:00,CSX,50.93,0.08,50,50,50.93,50.56,51.48,52.02,1.49
2026-07-17T15:40:04.910461+00:00,BEN,32.62,-2.13,50,50,32.62,32.26,33.17,33.71,1.53
2026-07-17T15:40:04.910461+00:00,LH,284.18,0.79,50,50,284.18,278.37,292.9,301.62,1.5
2026-07-17T15:40:04.910461+00:00,MRVL,185.74,-1.36,50,50,185.74,179.39,195.27,204.79,1.5
2026-07-17T15:40:04.910461+00:00,SPG,229.77,0.56,50,50,229.77,228.19,232.14,234.52,1.5
2026-07-17T15:40:04.910461+00:00,SMCI,24.16,-2.11,50,50,24.16,23.56,25.05,25.95,1.48
2026-07-17T15:40:04.910461+00:00,AMP,531.23,-0.37,49,51,531.23,523.61,542.66,554.1,1.5
2026-07-17T15:40:04.910461+00:00,DOV,216.3,-0.56,49,51,216.3,213.84,219.99,223.68,1.5
2026-07-17T15:40:04.910461+00:00,GM,77.07,-0.84,49,51,77.07,76.11,78.5,79.93,1.49
2026-07-17T15:40:04.910461+00:00,KIM,26.17,0.54,49,51,26.17,25.92,26.55,26.92,1.52
2026-07-17T15:40:04.910461+00:00,MRNA,62.26,-1.41,49,51,62.26,61.23,63.8,65.35,1.5
2026-07-17T15:40:04.910461+00:00,ROK,460.24,-1.8,49,51,460.24,453.25,470.73,481.22,1.5
2026-07-17T15:40:04.910461+00:00,TFC,53.29,0.08,49,51,53.29,52.44,54.57,55.85,1.51
2026-07-17T15:40:04.910461+00:00,GWW,1402.88,0.06,49,51,1402.88,1386.44,1427.54,1452.2,1.5
2026-07-17T15:40:04.910461+00:00,WSM,228.98,0.26,49,51,228.98,224.58,235.57,242.17,1.5
2026-07-17T15:40:04.910461+00:00,ARES,124.64,-0.63,48,52,124.64,122.34,128.09,131.54,1.5
2026-07-17T15:40:04.910461+00:00,DOC,22.46,0.58,48,52,22.46,22.33,22.66,22.87,1.54
2026-07-17T15:40:04.910461+00:00,HBAN,18.41,-0.81,48,52,18.41,18.23,18.68,18.94,1.5
2026-07-17T15:40:04.910461+00:00,RJF,168.48,-0.72,48,52,168.48,166.23,171.85,175.22,1.5
2026-07-17T15:40:04.910461+00:00,REGN,681.86,0.43,48,52,681.86,673.97,693.7,705.54,1.5
2026-07-17T15:40:04.910461+00:00,APD,300.22,0.99,47,53,300.22,296.87,305.25,310.28,1.5
2026-07-17T15:40:04.910461+00:00,GLW,153.39,-3.16,47,53,153.39,148.48,160.75,168.11,1.5
2026-07-17T15:40:04.910461+00:00,DAL,84.95,-2.02,47,53,84.95,83.72,86.8,88.64,1.5
2026-07-17T15:40:04.910461+00:00,GILD,138,1.25,47,53,138,136.07,140.89,143.78,1.5
2026-07-17T15:40:04.910461+00:00,LVS,45.4,-0.66,47,53,45.4,45.12,45.82,46.24,1.5
2026-07-17T15:40:04.910461+00:00,NRG,130.62,-1.6,47,53,130.62,128.73,133.45,136.29,1.5
2026-07-17T15:40:04.910461+00:00,DGX,211.53,1.01,47,53,211.53,209.31,214.86,218.19,1.5
2026-07-17T15:40:04.910461+00:00,TKO,185.08,0.16,47,53,185.08,182.97,188.25,191.41,1.5
2026-07-17T15:40:04.910461+00:00,USB,63.99,-0.03,47,53,63.99,63.25,65.11,66.23,1.51
2026-07-17T15:40:04.910461+00:00,VRSN,275.52,0.11,47,53,275.52,272.66,279.8,284.08,1.5
2026-07-17T15:40:04.910461+00:00,VTRS,17.43,0.58,47,53,17.43,17.23,17.73,18.04,1.5
2026-07-17T15:40:04.910461+00:00,MMM,162.29,0.32,46,54,162.29,160.74,164.61,166.94,1.5
2026-07-17T15:40:04.910461+00:00,AMT,170.65,1.02,46,54,170.65,169.13,172.92,175.19,1.49
2026-07-17T15:40:04.910461+00:00,CTVA,87.15,0.58,46,54,87.15,86.31,88.41,89.68,1.5
2026-07-17T15:40:04.910461+00:00,CCI,79.45,0.91,46,54,79.45,78.53,80.82,82.19,1.49
2026-07-17T15:40:04.910461+00:00,ERIE,228.72,1.23,46,54,228.72,224.12,235.62,242.52,1.5
2026-07-17T15:40:04.910461+00:00,INTC,93.76,-3.32,46,54,93.76,90.49,98.67,103.57,1.5
2026-07-17T15:40:04.910461+00:00,KR,59.54,1.59,46,54,59.54,58.99,60.37,61.19,1.51
2026-07-17T15:40:04.910461+00:00,QCOM,167.73,-1.69,46,54,167.73,164.97,171.87,176.02,1.5
2026-07-17T15:40:04.910461+00:00,RF,31.96,-1.36,46,54,31.96,31.46,32.72,33.47,1.52
2026-07-17T15:40:04.910461+00:00,SBAC,186.86,0.98,46,54,186.86,183.66,191.66,196.47,1.5
2026-07-17T15:40:04.910461+00:00,TRGP,283.22,1.05,46,54,283.22,281.51,285.79,288.36,1.5
2026-07-17T15:40:04.910461+00:00,DDOG,257.04,-2.01,45,55,257.04,249.11,268.94,280.84,1.5
2026-07-17T15:40:04.910461+00:00,IEX,228.22,-0.32,45,55,228.22,225.34,232.54,236.85,1.5
2026-07-17T15:40:04.910461+00:00,NFLX,68.8,-7.46,45,55,68.8,66.81,71.78,74.76,1.5
2026-07-17T15:40:04.910461+00:00,TGT,141.81,1.14,45,55,141.81,139.99,144.55,147.29,1.51
2026-07-17T15:40:04.910461+00:00,ABT,100.5,1.69,44,56,100.5,99.46,102.07,103.63,1.51
2026-07-17T15:40:04.910461+00:00,COF,208.14,-1.79,44,56,208.14,205.84,211.59,215.05,1.5
2026-07-17T15:40:04.910461+00:00,EW,86.17,-1.9,44,56,86.17,85.29,87.49,88.81,1.5
2026-07-17T15:40:04.910461+00:00,EOG,139.42,0.69,44,56,139.42,138.21,141.23,143.04,1.5
2026-07-17T15:40:04.910461+00:00,XOM,147.99,1.4,44,56,147.99,146.65,150.01,152.03,1.51
2026-07-17T15:40:04.910461+00:00,FOXA,56.71,-0.18,44,56,56.71,56.17,57.51,58.31,1.48
2026-07-17T15:40:04.910461+00:00,KEY,23.78,-0.88,44,56,23.78,23.54,24.14,24.51,1.5
2026-07-17T15:40:04.910461+00:00,KLAC,211.04,-3.8,44,56,211.04,206.03,218.55,226.06,1.5
2026-07-17T15:40:04.910461+00:00,MNST,98.8,-1.14,44,56,98.8,97.31,101.03,103.26,1.5
2026-07-17T15:40:04.910461+00:00,PLTR,131.08,-2.5,44,56,131.08,129.17,133.94,136.81,1.5
2026-07-17T15:40:04.910461+00:00,TJX,155.52,0.47,44,56,155.52,153.58,158.43,161.35,1.5
2026-07-17T15:40:04.910461+00:00,UPS,116.99,-0.16,44,56,116.99,116.07,118.36,119.73,1.49
2026-07-17T15:40:04.910461+00:00,CVX,186.14,1.24,43,57,186.14,184.81,188.13,190.12,1.5
2026-07-17T15:40:04.910461+00:00,DE,601.62,0.44,43,57,601.62,592.18,615.77,629.92,1.5
2026-07-17T15:40:04.910461+00:00,EBAY,110.43,-0.43,43,57,110.43,109.65,111.61,112.79,1.51
2026-07-17T15:40:04.910461+00:00,FDXF,152.78,0.23,43,57,152.78,148.88,158.63,164.49,1.5
2026-07-17T15:40:04.910461+00:00,INCY,117.2,0.47,43,57,117.2,115.53,119.7,122.19,1.5
2026-07-17T15:40:04.910461+00:00,KVUE,19.12,0.53,43,57,19.12,18.95,19.38,19.63,1.53
2026-07-17T15:40:04.910461+00:00,MDT,83.57,0.01,43,57,83.57,82.74,84.81,86.06,1.49
2026-07-17T15:40:04.910461+00:00,NDSN,292.54,-0.28,43,57,292.54,289.29,297.42,302.3,1.5
2026-07-17T15:40:04.910461+00:00,VRTX,486.77,0.15,43,57,486.77,479.41,497.81,508.84,1.5
2026-07-17T15:40:04.910461+00:00,DLTR,129.89,1.12,42,58,129.89,127.73,133.13,136.38,1.5
2026-07-17T15:40:04.910461+00:00,FOX,51.03,-0.1,42,58,51.03,50.62,51.64,52.25,1.49
2026-07-17T15:40:04.910461+00:00,NTRS,184.95,-1.89,42,58,184.95,182.51,188.61,192.26,1.5
2026-07-17T15:40:04.910461+00:00,OXY,54.26,1.14,42,58,54.26,53.68,55.13,56.01,1.5
2026-07-17T15:40:04.910461+00:00,REG,82.71,0.4,42,58,82.71,82.05,83.7,84.69,1.5
2026-07-17T15:40:04.910461+00:00,TSLA,380.39,-2.73,42,58,380.39,377.27,385.07,389.76,1.5
2026-07-17T15:40:04.910461+00:00,AWK,135.96,1.21,41,59,135.96,134.87,137.6,139.25,1.5
2026-07-17T15:40:04.910461+00:00,TECH,71.63,-0.2,41,59,71.63,71.41,71.96,72.3,1.5
2026-07-17T15:40:04.910461+00:00,CRL,225.01,-1.81,41,59,225.01,222.08,229.41,233.8,1.5
2026-07-17T15:40:04.910461+00:00,DOW,29.87,1.95,41,59,29.87,29.48,30.45,31.02,1.49
2026-07-17T15:40:04.910461+00:00,IR,83.52,-1.49,41,59,83.52,82.27,85.39,87.26,1.5
2026-07-17T15:40:04.910461+00:00,LMT,519.89,1.24,41,59,519.89,515.41,526.61,533.33,1.5
2026-07-17T15:40:04.910461+00:00,MPC,308.55,0.88,41,59,308.55,305.99,312.4,316.25,1.5
2026-07-17T15:40:04.910461+00:00,RMD,200.14,-1.29,41,59,200.14,197.87,203.54,206.95,1.5
2026-07-17T15:40:04.910461+00:00,STT,182.33,-1.79,41,59,182.33,178.75,187.69,193.06,1.5
2026-07-17T15:40:04.910461+00:00,UAL,116.08,-2.3,41,59,116.08,113.81,119.49,122.91,1.5
2026-07-17T15:40:04.910461+00:00,AEP,134.49,1.02,40,60,134.49,133.77,135.57,136.64,1.5
2026-07-17T15:40:04.910461+00:00,BNY,157.35,-2.18,40,60,157.35,155.78,159.71,162.07,1.5
2026-07-17T15:40:04.910461+00:00,COP,114.03,1.05,40,60,114.03,112.68,116.06,118.08,1.5
2026-07-17T15:40:04.910461+00:00,CRH,104.19,-1.33,40,60,104.19,103.03,105.94,107.69,1.51
2026-07-17T15:40:04.910461+00:00,FANG,193.21,1.62,40,60,193.21,191.57,195.67,198.13,1.5
2026-07-17T15:40:04.910461+00:00,EQT,49.78,0.77,40,60,49.78,49.34,50.45,51.12,1.52
2026-07-17T15:40:04.910461+00:00,FICO,1229.9,-0.91,40,60,1229.9,1213.83,1254.01,1278.12,1.5
2026-07-17T15:40:04.910461+00:00,FRT,125.81,0.36,40,60,125.81,125.13,126.83,127.84,1.5
2026-07-17T15:40:04.910461+00:00,GD,371.37,0.69,40,60,371.37,368.14,376.21,381.06,1.5
2026-07-17T15:40:04.910461+00:00,MCK,851.77,1.24,40,60,851.77,846.27,860.01,868.25,1.5
2026-07-17T15:40:04.910461+00:00,PKG,234.05,0.0,40,60,234.05,231.58,237.75,241.46,1.5
2026-07-17T15:40:04.910461+00:00,PGR,208.52,1.32,40,60,208.52,206.46,211.61,214.7,1.5
2026-07-17T15:40:04.910461+00:00,HOOD,100.23,-5.46,40,60,100.23,97.46,104.39,108.56,1.5
2026-07-17T15:40:04.910461+00:00,VLTO,94.17,-0.04,40,60,94.17,92.48,96.7,99.23,1.5
2026-07-17T15:40:04.910461+00:00,AZO,3071.01,0.29,39,61,3071.01,3036.88,3122.21,3173.41,1.5
2026-07-17T15:40:04.910461+00:00,BRK-B,496.82,0.75,39,61,496.82,493.07,502.44,508.07,1.5
2026-07-17T15:40:04.910461+00:00,DVN,43.38,0.81,39,61,43.38,42.88,44.14,44.89,1.52
2026-07-17T15:40:04.910461+00:00,LYB,58.88,1.87,39,61,58.88,58.18,59.93,60.98,1.5
2026-07-17T15:40:04.910461+00:00,LUV,48.15,-2.59,39,61,48.15,47.45,49.2,50.24,1.5
2026-07-17T15:40:04.910461+00:00,ULTA,479.48,0.13,39,61,479.48,470.77,492.54,505.6,1.5
2026-07-17T15:40:04.910461+00:00,VZ,44.39,1.16,39,61,44.39,44.03,44.93,45.48,1.5
2026-07-17T15:40:04.910461+00:00,ARE,50.17,0.06,38,62,50.17,49.73,50.83,51.49,1.5
2026-07-17T15:40:04.910461+00:00,APA,34.53,0.73,38,62,34.53,34.0,35.33,36.12,1.51
2026-07-17T15:40:04.910461+00:00,ESS,295.83,-0.53,38,62,295.83,293.07,299.97,304.11,1.5
2026-07-17T15:40:04.910461+00:00,EXE,88.15,-0.03,38,62,88.15,87.0,89.88,91.61,1.5
2026-07-17T15:40:04.910461+00:00,EXPE,267.21,-1.38,38,62,267.21,263.01,273.51,279.81,1.5
2026-07-17T15:40:04.910461+00:00,GPC,125.64,-0.02,38,62,125.64,124.3,127.66,129.68,1.51
2026-07-17T15:40:04.910461+00:00,NEE,89.83,0.54,38,62,89.83,89.3,90.63,91.43,1.51
2026-07-17T15:40:04.910461+00:00,TROW,117.02,-1.56,38,62,117.02,115.95,118.62,120.21,1.5
2026-07-17T15:40:04.910461+00:00,URI,1058.29,-1.26,38,62,1058.29,1045.12,1078.04,1097.79,1.5
2026-07-17T15:40:04.910461+00:00,CDW,132.96,-1.03,37,63,132.96,131.19,135.61,138.25,1.5
2026-07-17T15:40:04.910461+00:00,DHR,203.49,-0.74,37,63,203.49,201.48,206.51,209.52,1.5
2026-07-17T15:40:04.910461+00:00,FSLR,206.59,-2.52,37,63,206.59,202.69,212.45,218.31,1.5
2026-07-17T15:40:04.910461+00:00,LULU,117.39,-1.18,37,63,117.39,116.25,119.09,120.79,1.49
2026-07-17T15:40:04.910461+00:00,MTB,251.78,-0.89,37,63,251.78,249.66,254.97,258.15,1.5
2026-07-17T15:40:04.910461+00:00,MSFT,392.34,-2.18,37,63,392.34,387.84,399.09,405.84,1.5
2026-07-17T15:40:04.910461+00:00,ORLY,86.46,0.24,37,63,86.46,85.5,87.9,89.35,1.5
2026-07-17T15:40:04.910461+00:00,PLD,150.07,0.01,37,63,150.07,148.09,153.03,155.99,1.49
2026-07-17T15:40:04.910461+00:00,SWK,90.23,-1.18,37,63,90.23,88.71,92.52,94.81,1.51
2026-07-17T15:40:04.910461+00:00,SYY,83.11,1.05,37,63,83.11,82.56,83.94,84.78,1.51
2026-07-17T15:40:04.910461+00:00,TRMB,53.42,-0.61,37,63,53.42,52.86,54.27,55.12,1.52
2026-07-17T15:40:04.910461+00:00,AMGN,371.71,0.03,36,64,371.71,367.76,377.63,383.55,1.5
2026-07-17T15:40:04.910461+00:00,CBOE,276.05,-0.66,36,64,276.05,271.03,283.58,291.11,1.5
2026-07-17T15:40:04.910461+00:00,COIN,155.21,-3.29,36,64,155.21,151.92,160.14,165.07,1.5
2026-07-17T15:40:04.910461+00:00,LII,549.41,-1.64,36,64,549.41,541.39,561.43,573.45,1.5
2026-07-17T15:40:04.910461+00:00,MDLZ,61.8,0.62,36,64,61.8,61.11,62.83,63.87,1.49
2026-07-17T15:40:04.910461+00:00,PEG,80.08,0.69,36,64,80.08,79.48,80.97,81.86,1.48
2026-07-17T15:40:04.910461+00:00,SLB,46.61,-1.0,36,64,46.61,46.18,47.26,47.91,1.51
2026-07-17T15:40:04.910461+00:00,T,22.22,1.09,35,65,22.22,21.93,22.65,23.09,1.48
2026-07-17T15:40:04.910461+00:00,ADSK,215.81,-0.58,35,65,215.81,212.24,221.17,226.52,1.5
2026-07-17T15:40:04.910461+00:00,BALL,63.04,-0.17,35,65,63.04,62.42,63.97,64.9,1.5
2026-07-17T15:40:04.910461+00:00,CNP,43.72,0.88,35,65,43.72,43.42,44.16,44.61,1.47
2026-07-17T15:40:04.910461+00:00,DG,127.76,0.47,35,65,127.76,126.18,130.13,132.5,1.5
2026-07-17T15:40:04.910461+00:00,D,72.12,0.6,35,65,72.12,71.65,72.83,73.53,1.51
2026-07-17T15:40:04.910461+00:00,EXPD,180.97,-0.54,35,65,180.97,179.43,183.28,185.59,1.5
2026-07-17T15:40:04.910461+00:00,KMB,109.54,0.5,35,65,109.54,108.64,110.9,112.26,1.51
2026-07-17T15:40:04.910461+00:00,KMI,32.52,-0.06,35,65,32.52,32.27,32.9,33.29,1.52
2026-07-17T15:40:04.910461+00:00,LHX,286.34,0.67,35,65,286.34,284.24,289.49,292.64,1.5
2026-07-17T15:40:04.910461+00:00,LIN,520.67,-0.01,35,65,520.67,516.78,526.5,532.34,1.5
2026-07-17T15:40:04.910461+00:00,RCL,287.3,-2.26,35,65,287.3,283.5,293.01,298.72,1.5
2026-07-17T15:40:04.910461+00:00,TYL,315.07,-0.37,35,65,315.07,309.28,323.76,332.45,1.5
2026-07-17T15:40:04.910461+00:00,WMT,115.7,0.65,35,65,115.7,114.4,117.66,119.62,1.51
2026-07-17T15:40:04.910461+00:00,WBD,27.22,-0.26,35,65,27.22,27.12,27.37,27.52,1.5
2026-07-17T15:40:04.910461+00:00,BBY,85.27,-0.02,34,66,85.27,84.26,86.79,88.31,1.5
2026-07-17T15:40:04.910461+00:00,XYZ,79.5,-2.48,34,66,79.5,78.59,80.87,82.23,1.51
2026-07-17T15:40:04.910461+00:00,CHTR,133.54,0.16,34,66,133.54,131.67,136.34,139.15,1.5
2026-07-17T15:40:04.910461+00:00,CHD,99.26,0.14,34,66,99.26,98.35,100.62,101.98,1.49
2026-07-17T15:40:04.910461+00:00,CMS,74.74,0.47,34,66,74.74,74.12,75.66,76.59,1.48
2026-07-17T15:40:04.910461+00:00,ECL,276.12,0.15,34,66,276.12,273.35,280.27,284.42,1.5
2026-07-17T15:40:04.910461+00:00,FTV,62.01,-0.7,34,66,62.01,61.38,62.95,63.88,1.49
2026-07-17T15:40:04.910461+00:00,HSIC,87.96,-0.34,34,66,87.96,87.39,88.81,89.66,1.49
2026-07-17T15:40:04.910461+00:00,J,131.66,-0.49,34,66,131.66,129.65,134.67,137.68,1.5
2026-07-17T15:40:04.910461+00:00,KHC,26.31,0.3,34,66,26.31,25.86,26.99,27.67,1.51
2026-07-17T15:40:04.910461+00:00,MRSH,182.3,0.08,34,66,182.3,180.24,185.39,188.48,1.5
2026-07-17T15:40:04.910461+00:00,MCD,272.73,-0.27,34,66,272.73,270.66,275.84,278.94,1.5
2026-07-17T15:40:04.910461+00:00,PFE,25.21,0.28,34,66,25.21,24.97,25.57,25.93,1.5
2026-07-17T15:40:04.910461+00:00,SNA,413.09,-0.45,34,66,413.09,409.24,418.86,424.63,1.5
2026-07-17T15:40:04.910461+00:00,TMUS,194.01,0.6,34,66,194.01,191.47,197.82,201.64,1.5
2026-07-17T15:40:04.910461+00:00,VMC,291.64,-0.62,34,66,291.64,287.39,298.01,304.38,1.5
2026-07-17T15:40:04.910461+00:00,ADBE,233.17,-0.91,33,67,233.17,230.15,237.7,242.23,1.5
2026-07-17T15:40:04.910461+00:00,BIIB,208.21,-0.34,33,67,208.21,204.03,214.49,220.77,1.5
2026-07-17T15:40:04.910461+00:00,BX,127.27,-1.32,33,67,127.27,125.02,130.64,134.02,1.5
2026-07-17T15:40:04.910461+00:00,CLX,98.21,-0.51,33,67,98.21,96.94,100.11,102.02,1.5
2026-07-17T15:40:04.910461+00:00,CMCSA,23.99,-0.46,33,67,23.99,23.6,24.57,25.16,1.49
2026-07-17T15:40:04.910461+00:00,DXCM,76.56,-1.82,33,67,76.56,75.62,77.97,79.38,1.5
2026-07-17T15:40:04.910461+00:00,DTE,149.99,0.73,33,67,149.99,149.01,151.46,152.93,1.5
2026-07-17T15:40:04.910461+00:00,DUK,126.84,0.58,33,67,126.84,125.61,128.69,130.54,1.5
2026-07-17T15:40:04.910461+00:00,EIX,78.62,0.73,33,67,78.62,77.98,79.58,80.54,1.5
2026-07-17T15:40:04.910461+00:00,ES,75.28,0.32,33,67,75.28,74.78,76.03,76.78,1.5
2026-07-17T15:40:04.910461+00:00,IQV,207.45,-1.44,33,67,207.45,204.89,211.28,215.11,1.5
2026-07-17T15:40:04.910461+00:00,MAR,366.43,-1.27,33,67,366.43,362.5,372.32,378.21,1.5
2026-07-17T15:40:04.910461+00:00,MA,542.99,-1.55,33,67,542.99,537.63,551.02,559.06,1.5
2026-07-17T15:40:04.910461+00:00,MOS,22.32,-0.93,33,67,22.32,21.98,22.82,23.32,1.47
2026-07-17T15:40:04.910461+00:00,NI,46.41,0.3,33,67,46.41,46.11,46.86,47.32,1.5
2026-07-17T15:40:04.910461+00:00,PPG,118.82,0.12,33,67,118.82,117.53,120.76,122.7,1.5
2026-07-17T15:40:04.910461+00:00,O,66.05,0.46,33,67,66.05,65.48,66.9,67.75,1.49
2026-07-17T15:40:04.910461+00:00,SRE,93.56,0.44,33,67,93.56,92.76,94.77,95.97,1.51
2026-07-17T15:40:04.910461+00:00,V,358.63,-1.78,33,67,358.63,354.82,364.34,370.05,1.5
2026-07-17T15:40:04.910461+00:00,WYNN,96.38,-1.76,33,67,96.38,95.62,97.53,98.67,1.51
2026-07-17T15:40:04.910461+00:00,LNT,76.08,0.44,32,68,76.08,75.55,76.88,77.67,1.51
2026-07-17T15:40:04.910461+00:00,BDX,158.78,-0.72,32,68,158.78,156.37,162.39,166.01,1.5
2026-07-17T15:40:04.910461+00:00,BXP,70.35,-0.42,32,68,70.35,69.76,71.23,72.1,1.49
2026-07-17T15:40:04.910461+00:00,CPT,114.16,-0.36,32,68,114.16,113.35,115.37,116.57,1.49
2026-07-17T15:40:04.910461+00:00,CME,243.78,-1.01,32,68,243.78,241.21,247.64,251.49,1.5
2026-07-17T15:40:04.910461+00:00,CL,94.16,0.1,32,68,94.16,93.24,95.54,96.92,1.5
2026-07-17T15:40:04.910461+00:00,ED,113.09,0.62,32,68,113.09,112.02,114.7,116.3,1.5
2026-07-17T15:40:04.910461+00:00,COST,944.62,-0.1,32,68,944.62,934.28,960.13,975.64,1.5
2026-07-17T15:40:04.910461+00:00,ETR,115.24,0.32,32,68,115.24,114.44,116.44,117.64,1.5
2026-07-17T15:40:04.910461+00:00,EXC,46.95,0.34,32,68,46.95,46.54,47.56,48.18,1.49
2026-07-17T15:40:04.910461+00:00,FAST,46.1,-1.22,32,68,46.1,45.51,46.98,47.87,1.49
2026-07-17T15:40:04.910461+00:00,GEN,26.71,-1.11,32,68,26.71,26.38,27.21,27.72,1.52
2026-07-17T15:40:04.910461+00:00,GL,184.85,0.16,32,68,184.85,181.37,190.08,195.31,1.5
2026-07-17T15:40:04.910461+00:00,HAS,80.88,-1.47,32,68,80.88,80.2,81.9,82.92,1.5
2026-07-17T15:40:04.910461+00:00,HII,271.32,0.1,32,68,271.32,268.25,275.92,280.53,1.5
2026-07-17T15:40:04.910461+00:00,IDXX,565.22,-1.88,32,68,565.22,556.49,578.31,591.4,1.5
2026-07-17T15:40:04.910461+00:00,JKHY,150.78,-1.99,32,68,150.78,147.69,155.41,160.04,1.5
2026-07-17T15:40:04.910461+00:00,KDP,31.29,-0.29,32,68,31.29,30.97,31.76,32.23,1.47
2026-07-17T15:40:04.910461+00:00,MKC,52.48,-0.79,32,68,52.48,51.56,53.85,55.22,1.49
2026-07-17T15:40:04.910461+00:00,TAP,41.96,0.43,32,68,41.96,41.4,42.8,43.64,1.5
2026-07-17T15:40:04.910461+00:00,MSCI,626.13,-1.74,32,68,626.13,614.86,643.03,659.94,1.5
2026-07-17T15:40:04.910461+00:00,NWS,32.32,-0.68,32,68,32.32,31.99,32.81,33.31,1.48
2026-07-17T15:40:04.910461+00:00,OKE,93.13,0.14,32,68,93.13,92.68,93.81,94.48,1.51
2026-07-17T15:40:04.910461+00:00,PCG,17.54,0.06,32,68,17.54,17.38,17.78,18.03,1.5
2026-07-17T15:40:04.910461+00:00,ROL,45.59,0.29,32,68,45.59,45.19,46.19,46.79,1.5
2026-07-17T15:40:04.910461+00:00,SPGI,450.82,-1.43,32,68,450.82,444.09,460.91,471.01,1.5
2026-07-17T15:40:04.910461+00:00,SO,96.64,0.59,32,68,96.64,95.78,97.93,99.23,1.5
2026-07-17T15:40:04.910461+00:00,TMO,534.04,-1.68,32,68,534.04,529.22,541.27,548.49,1.5
2026-07-17T15:40:04.910461+00:00,VICI,26.94,-0.77,32,68,26.94,26.58,27.48,28.02,1.5
2026-07-17T15:40:04.910461+00:00,ABNB,145.53,-1.54,31,69,145.53,144.2,147.53,149.53,1.5
2026-07-17T15:40:04.910461+00:00,AEE,113.22,0.11,31,69,113.22,112.27,114.64,116.06,1.49
2026-07-17T15:40:04.910461+00:00,AVB,194.91,-0.3,31,69,194.91,193.71,196.71,198.52,1.5
2026-07-17T15:40:04.910461+00:00,AVY,162.49,-0.35,31,69,162.49,160.81,165.01,167.54,1.5
2026-07-17T15:40:04.910461+00:00,BKR,55.77,-1.36,31,69,55.77,55.13,56.73,57.7,1.5
2026-07-17T15:40:04.910461+00:00,BLK,1070.26,-1.54,31,69,1070.26,1053.53,1095.35,1120.45,1.5
2026-07-17T15:40:04.910461+00:00,STZ,135.34,-0.28,31,69,135.34,133.78,137.68,140.01,1.5
2026-07-17T15:40:04.910461+00:00,DPZ,324.69,-1.51,31,69,324.69,317.93,334.82,344.96,1.5
2026-07-17T15:40:04.910461+00:00,DASH,183.01,-1.8,31,69,183.01,178.98,189.06,195.11,1.5
2026-07-17T15:40:04.910461+00:00,EQR,69.84,-0.23,31,69,69.84,69.36,70.56,71.28,1.5
2026-07-17T15:40:04.910461+00:00,EVRG,86.74,0.21,31,69,86.74,86.03,87.8,88.86,1.49
2026-07-17T15:40:04.910461+00:00,FE,49.12,0.02,31,69,49.12,48.73,49.7,50.27,1.49
2026-07-17T15:40:04.910461+00:00,HRL,25.64,-0.27,31,69,25.64,25.34,26.09,26.54,1.5
2026-07-17T15:40:04.910461+00:00,INVH,30.32,-0.33,31,69,30.32,30.1,30.65,30.97,1.5
2026-07-17T15:40:04.910461+00:00,JBHT,291.9,-2.18,31,69,291.9,288.08,297.62,303.34,1.5
2026-07-17T15:40:04.910461+00:00,MGM,46.39,-1.09,31,69,46.39,46.22,46.64,46.89,1.47
2026-07-17T15:40:04.910461+00:00,MAA,134.37,-0.36,31,69,134.37,133.25,136.05,137.73,1.5
2026-07-17T15:40:04.910461+00:00,NWSA,28.41,-0.96,31,69,28.41,28.09,28.89,29.37,1.5
2026-07-17T15:40:04.910461+00:00,PSKY,8.82,-3.5,31,69,8.82,8.59,9.16,9.5,1.48
2026-07-17T15:40:04.910461+00:00,PG,151.89,0.26,31,69,151.89,150.66,153.73,155.58,1.5
2026-07-17T15:40:04.910461+00:00,PHM,127.75,-0.98,31,69,127.75,125.66,130.88,134.0,1.5
2026-07-17T15:40:04.910461+00:00,RSG,223.82,-0.31,31,69,223.82,221.5,227.31,230.8,1.5
2026-07-17T15:40:04.910461+00:00,NOW,102.99,-0.98,31,69,102.99,101.39,105.38,107.77,1.49
2026-07-17T15:40:04.910461+00:00,SJM,114.03,0.05,31,69,114.03,112.23,116.73,119.44,1.5
2026-07-17T15:40:04.910461+00:00,SW,44.59,-0.4,31,69,44.59,44.02,45.45,46.3,1.51
2026-07-17T15:40:04.910461+00:00,TSCO,30.98,-0.1,31,69,30.98,30.5,31.7,32.43,1.5
2026-07-17T15:40:04.910461+00:00,TSN,57.87,0.07,31,69,57.87,57.19,58.88,59.89,1.49
2026-07-17T15:40:04.910461+00:00,WEC,114.65,0.14,31,69,114.65,113.62,116.2,117.75,1.5
2026-07-17T15:40:04.910461+00:00,WY,24.47,0.08,31,69,24.47,24.13,24.98,25.5,1.5
2026-07-17T15:40:04.910461+00:00,WTW,294.39,0.02,31,69,294.39,290.52,300.19,306.0,1.5
2026-07-17T15:40:04.910461+00:00,XEL,80.12,0.18,31,69,80.12,79.41,81.19,82.27,1.51
2026-07-17T15:40:04.910461+00:00,XYL,124.63,-0.53,31,69,124.63,123.5,126.33,128.02,1.5
2026-07-17T15:40:04.910461+00:00,ALLE,138.15,-0.95,30,70,138.15,136.22,141.04,143.94,1.5
2026-07-17T15:40:04.910461+00:00,ELV,367.9,-1.33,30,70,367.9,362.37,376.19,384.49,1.5
2026-07-17T15:40:04.910461+00:00,EXR,149.79,-0.36,30,70,149.79,148.28,152.05,154.3,1.5
2026-07-17T15:40:04.910461+00:00,HD,346.19,-0.53,30,70,346.19,342.18,352.21,358.23,1.5
2026-07-17T15:40:04.910461+00:00,INTU,291.21,-1.21,30,70,291.21,285.21,300.21,309.2,1.5
2026-07-17T15:40:04.910461+00:00,LDOS,107.31,-0.9,30,70,107.31,105.38,110.2,113.1,1.5
2026-07-17T15:40:04.910461+00:00,MLM,572.33,-0.8,30,70,572.33,565.69,582.29,592.25,1.5
2026-07-17T15:40:04.910461+00:00,MAS,79.65,-0.61,30,70,79.65,78.38,81.56,83.46,1.5
2026-07-17T15:40:04.910461+00:00,MCO,509.67,-1.8,30,70,509.67,501.85,521.41,533.14,1.5
2026-07-17T15:40:04.910461+00:00,NKE,44.04,-1.19,30,70,44.04,43.53,44.81,45.58,1.51
2026-07-17T15:40:04.910461+00:00,PNW,108.92,-0.34,30,70,108.92,107.77,110.64,112.37,1.5
2026-07-17T15:40:04.910461+00:00,PPL,36.31,-0.19,30,70,36.31,36.03,36.73,37.15,1.5
2026-07-17T15:40:04.910461+00:00,ROP,361.54,-0.73,30,70,361.54,357.55,367.53,373.51,1.5
2026-07-17T15:40:04.910461+00:00,CRM,170.28,-1.39,30,70,170.28,167.44,174.54,178.8,1.5
2026-07-17T15:40:04.910461+00:00,SHW,335.95,-0.65,30,70,335.95,331.88,342.05,348.14,1.5
2026-07-17T15:40:04.910461+00:00,SBUX,107.16,-1.12,30,70,107.16,106.04,108.83,110.5,1.49
2026-07-17T15:40:04.910461+00:00,TPL,415.04,-0.24,30,70,415.04,407.6,426.21,437.38,1.5
2026-07-17T15:40:04.910461+00:00,UHS,151.49,-1.34,30,70,151.49,149.15,155.0,158.51,1.5
2026-07-17T15:40:04.910461+00:00,WM,241.68,-0.24,30,70,241.68,238.93,245.81,249.94,1.5
2026-07-17T15:40:04.910461+00:00,AON,367.67,-0.26,29,71,367.67,363.52,373.89,380.11,1.5
2026-07-17T15:40:04.910461+00:00,AJG,254.1,-0.72,29,71,254.1,250.08,260.13,266.15,1.5
2026-07-17T15:40:04.910461+00:00,BSX,44,-1.39,29,71,44,43.32,45.02,46.04,1.5
2026-07-17T15:40:04.910461+00:00,BRO,69.06,-0.55,29,71,69.06,67.89,70.81,72.57,1.5
2026-07-17T15:40:04.910461+00:00,CBRE,141.49,-1.53,29,71,141.49,139.64,144.26,147.04,1.5
2026-07-17T15:40:04.910461+00:00,CPRT,27.78,-1.8,29,71,27.78,27.23,28.61,29.44,1.51
2026-07-17T15:40:04.910461+00:00,DHI,152.32,-1.36,29,71,152.32,149.69,156.27,160.22,1.5
2026-07-17T15:40:04.910461+00:00,EFX,176.41,-1.79,29,71,176.41,173.07,181.42,186.43,1.5
2026-07-17T15:40:04.910461+00:00,GIS,38.48,-0.57,29,71,38.48,37.93,39.3,40.13,1.49
2026-07-17T15:40:04.910461+00:00,HSY,173.72,-0.57,29,71,173.72,171.74,176.7,179.67,1.51
2026-07-17T15:40:04.910461+00:00,ITW,279.54,-1.21,29,71,279.54,276.58,283.98,288.42,1.5
2026-07-17T15:40:04.910461+00:00,ICE,139.72,-1.44,29,71,139.72,137.08,143.68,147.63,1.5
2026-07-17T15:40:04.910461+00:00,IVZ,29.43,-2.87,29,71,29.43,29.13,29.88,30.34,1.5
2026-07-17T15:40:04.910461+00:00,PSA,321.41,-0.95,29,71,321.41,317.51,327.26,333.12,1.5
2026-07-17T15:40:04.910461+00:00,RVTY,109.59,-1.89,29,71,109.59,108.36,111.44,113.3,1.5
2026-07-17T15:40:04.910461+00:00,SOLV,81.14,-0.69,29,71,81.14,80.02,82.83,84.52,1.51
2026-07-17T15:40:04.910461+00:00,UBER,72.04,-2.7,29,71,72.04,71.17,73.34,74.65,1.49
2026-07-17T15:40:04.910461+00:00,ZTS,76.32,-0.77,29,71,76.32,75.43,77.66,78.99,1.51
2026-07-17T15:40:04.910461+00:00,BKNG,179.57,-2.73,28,72,179.57,176.77,183.77,187.97,1.5
2026-07-17T15:40:04.910461+00:00,CPAY,365.18,-1.78,28,72,365.18,360.27,372.55,379.91,1.5
2026-07-17T15:40:04.910461+00:00,IP,37.46,-1.08,28,72,37.46,36.77,38.5,39.55,1.51
2026-07-17T15:40:04.910461+00:00,KKR,100.79,-1.91,28,72,100.79,98.91,103.62,106.44,1.51
2026-07-17T15:40:04.910461+00:00,LOW,213.87,-1.06,28,72,213.87,210.44,219.02,224.16,1.5
2026-07-17T15:40:04.910461+00:00,ODFL,234.15,-1.27,28,72,234.15,231.9,237.53,240.91,1.5
2026-07-17T15:40:04.910461+00:00,PEP,138.48,-0.68,28,72,138.48,136.72,141.12,143.75,1.5
2026-07-17T15:40:04.910461+00:00,RL,381.37,-1.74,28,72,381.37,377.74,386.82,392.27,1.5
2026-07-17T15:40:04.910461+00:00,STE,218.92,-1.0,28,72,218.92,217.08,221.68,224.44,1.5
2026-07-17T15:40:04.910461+00:00,SYK,320.36,-3.27,28,72,320.36,314.85,328.63,336.89,1.5
2026-07-17T15:40:04.910461+00:00,UDR,40.2,-0.91,28,72,40.2,39.89,40.67,41.15,1.52
2026-07-17T15:40:04.910461+00:00,VRSK,199.73,-0.87,28,72,199.73,196.69,204.3,208.86,1.5
2026-07-17T15:40:04.910461+00:00,AOS,59.66,-1.44,27,73,59.66,58.87,60.84,62.02,1.49
2026-07-17T15:40:04.910461+00:00,AMCR,44,-1.87,27,73,44,43.43,44.85,45.7,1.49
2026-07-17T15:40:04.910461+00:00,ADP,253.95,-1.02,27,73,253.95,250.22,259.54,265.13,1.5
2026-07-17T15:40:04.910461+00:00,BAX,22.93,-1.8,27,73,22.93,22.52,23.55,24.17,1.51
2026-07-17T15:40:04.910461+00:00,CTAS,203.3,-1.43,27,73,203.3,200.0,208.25,213.2,1.5
2026-07-17T15:40:04.910461+00:00,CFG,72.86,-2.07,27,73,72.86,72.16,73.92,74.97,1.51
2026-07-17T15:40:04.910461+00:00,KO,83.03,-2.23,27,73,83.03,81.65,85.1,87.18,1.5
2026-07-17T15:40:04.910461+00:00,COO,72.16,-1.29,27,73,72.16,71.23,73.55,74.93,1.49
2026-07-17T15:40:04.910461+00:00,CSGP,29.78,-1.94,27,73,29.78,29.11,30.79,31.8,1.51
2026-07-17T15:40:04.910461+00:00,DECK,107.39,-1.5,27,73,107.39,105.89,109.64,111.89,1.5
2026-07-17T15:40:04.910461+00:00,PAYX,113.29,-1.23,27,73,113.29,111.06,116.64,119.98,1.5
2026-07-17T15:40:04.910461+00:00,PTC,124.9,-1.93,27,73,124.9,123.41,127.14,129.38,1.5
2026-07-17T15:40:04.910461+00:00,WMB,73.44,-1.73,27,73,73.44,72.25,75.23,77.03,1.5
2026-07-17T15:40:04.910461+00:00,A,132.47,-2.67,26,74,132.47,130.62,135.25,138.03,1.5
2026-07-17T15:40:04.910461+00:00,ALGN,175.24,-1.78,26,74,175.24,172.19,179.81,184.39,1.5
2026-07-17T15:40:04.910461+00:00,CTSH,43.72,-1.89,26,74,43.72,42.78,45.12,46.52,1.49
2026-07-17T15:40:04.910461+00:00,FDS,256.86,-2.13,26,74,256.86,249.92,267.27,277.67,1.5
2026-07-17T15:40:04.910461+00:00,GPN,78.72,-2.2,26,74,78.72,77.0,81.29,83.86,1.49
2026-07-17T15:40:04.910461+00:00,GDDY,93.44,-2.88,26,74,93.44,91.44,96.44,99.44,1.5
2026-07-17T15:40:04.910461+00:00,NVR,6605.93,-1.42,26,74,6605.93,6492.66,6775.84,6945.74,1.5
2026-07-17T15:40:04.910461+00:00,OTIS,73.7,-1.73,26,74,73.7,72.56,75.42,77.13,1.51
2026-07-17T15:40:04.910461+00:00,VEEV,194.47,-1.47,26,74,194.47,191.67,198.67,202.87,1.5
2026-07-17T15:40:04.910461+00:00,DIS,97.95,-1.77,26,74,97.95,96.99,99.39,100.83,1.5
2026-07-17T15:40:04.910461+00:00,WDAY,143.06,-1.63,26,74,143.06,139.6,148.25,153.44,1.5
2026-07-17T15:40:04.910461+00:00,APO,120.39,-2.39,25,75,120.39,117.82,124.25,128.11,1.5
2026-07-17T15:40:04.910461+00:00,BR,150.32,-1.79,25,75,150.32,147.88,153.98,157.64,1.5
2026-07-17T15:40:04.910461+00:00,BLDR,76.35,-2.37,25,75,76.35,74.43,79.23,82.12,1.5
2026-07-17T15:40:04.910461+00:00,FIS,41.85,-1.81,25,75,41.85,40.92,43.25,44.64,1.51
2026-07-17T15:40:04.910461+00:00,FISV,50.41,-2.53,25,75,50.41,49.42,51.89,53.38,1.49
2026-07-17T15:40:04.910461+00:00,IT,139.03,-2.7,25,75,139.03,135.71,144.01,149.0,1.5
2026-07-17T15:40:04.910461+00:00,LEN,84.82,-1.83,25,75,84.82,83.1,87.39,89.97,1.49
2026-07-17T15:40:04.910461+00:00,MTD,1308.96,-1.96,25,75,1308.96,1293.13,1332.7,1356.45,1.5
2026-07-17T15:40:04.910461+00:00,SNPS,383.88,-7.95,25,75,383.88,364.52,412.92,441.96,1.5
2026-07-17T15:40:04.910461+00:00,ACN,140.24,-3.02,24,76,140.24,136.39,146.01,151.79,1.5
2026-07-17T15:40:04.910461+00:00,HCA,376.89,-2.29,24,76,376.89,372.12,384.04,391.19,1.5
2026-07-17T15:40:04.910461+00:00,IBM,211.01,-3.67,24,76,211.01,207.54,216.22,221.43,1.5
2026-07-17T15:40:04.910461+00:00,NDAQ,91.73,-2.67,24,76,91.73,90.26,93.94,96.15,1.5
2026-07-17T15:40:04.910461+00:00,ZBH,91.67,-2.22,24,76,91.67,90.64,93.21,94.76,1.5
2026-07-17T15:40:04.910461+00:00,GEHC,63.37,-3.55,23,77,63.37,61.78,65.75,68.13,1.5
2026-07-17T15:40:04.910461+00:00,OMC,81.9,-2.7,23,77,81.9,80.22,84.42,86.94,1.5
2026-07-17T15:40:04.910461+00:00,WAT,369.26,-2.36,23,77,369.26,364.42,376.52,383.78,1.5
2026-07-17T15:40:04.910461+00:00,APP,415.69,-4.32,22,78,415.69,407.65,427.74,439.79,1.5
2026-07-17T15:40:04.910461+00:00,META,630.53,-5.12,22,78,630.53,617.78,649.66,668.79,1.5
2026-07-17T15:40:04.910461+00:00,PNR,63.76,-2.94,22,78,63.76,62.68,65.38,66.99,1.5
2026-07-17T15:40:04.910461+00:00,TTD,18.4,-3.77,21,79,18.4,17.97,19.05,19.7,1.51
2026-07-17T15:40:04.910461+00:00,AXON,510.68,-5.74,17,83,510.68,495.13,534.0,557.32,1.5
2026-07-17T15:40:04.910461+00:00,CDNS,329.67,-9.59,13,87,329.67,313.92,353.3,376.93,1.5
2026-07-17T15:40:04.910461+00:00,ISRG,350.43,-12.9,2,98,350.43,341.51,363.81,377.19,1.5
